,subreddit,year,sentiment,count,percentage
0,Atlanta,2021-01-01,neg,89,45.40816326530612
3,Atlanta,2022-01-01,neg,68,39.30635838150289
6,Atlanta,2023-01-01,neg,26,47.27272727272727
8,Seattle,2021-01-01,neg,372,44.128113879003564
11,Seattle,2022-01-01,neg,479,45.359848484848484
14,Seattle,2023-01-01,neg,114,40.86021505376344
17,nyc,2021-01-01,neg,48,36.09022556390977
19,nyc,2022-01-01,neg,27,39.705882352941174
22,nyc,2023-01-01,neg,5,38.46153846153847
24,washingtondc,2021-01-01,neg,264,42.30769230769231
27,washingtondc,2022-01-01,neg,260,46.931407942238266
30,washingtondc,2023-01-01,neg,92,55.757575757575765
